,EXPECTED_ROI,EXPECTED_ROI,ROI_STANDARD_DEVIATION,ROI_STANDARD_DEVIATION,SHARPE_RATIO,SHARPE_RATIO,WIN_LOSS_RATIO,WIN_LOSS_RATIO,MAX_TRADE_PROPORTION,MAX_TRADE_PROPORTION,UNIQUE_TOKENS_TRADED,UNIQUE_TOKENS_TRADED,TOTAL_TRADES,TOTAL_TRADES,WALLET_STATUS
,mean,median,mean,median,mean,median,mean,median,mean,median,mean,median,mean,median,<lambda>
Quadrant,,,,,,,,,,,,,,,
"Q1: High ROI, High σ (Jackpot Seekers)",-0.009854741865562061,-0.025193476724999997,0.4607878248491206,0.41377821044999996,-0.0447858933370039,-0.06375812680500001,0.8212423706030151,0.7010639999999999,0.05403136935167839,0.034896551245000004,174.56281407035175,79.0,424.98366834170855,188.0,31.030150753768844
"Q2: Low ROI, High σ (Unsuccessful Gamblers)",-0.28990366358592456,-0.2354512722,0.40565776937442505,0.3823028271,-0.7567626264713891,-0.5984606599,0.30005458693652254,0.272727,0.11457290635558362,0.06380763361,105.06715731370745,51.0,257.9613615455382,128.0,38.362465501379944
"Q3: Low ROI, Low σ (Cautious/Conservative)",-0.6602003217978644,-0.77004339115,0.17107664617809296,0.18147952080000002,-6.718236069159799,-4.0572050225,0.05771318216080402,0.0,0.375300271819053,0.44822011435,46.37814070351759,29.5,172.14572864321607,118.0,84.04522613065326
"Q4: High ROI, Low σ (Skilled Investors)",-0.00845992979002772,-0.0002077844391,0.07323130280075255,0.004145386231,-0.09730129587766376,-0.08949388002,0.7379415970561177,0.454545,0.10430707490219854,0.09125371655,90.63477460901564,14.0,232.2097516099356,49.0,14.351425942962281
